sample	lane	fq1	fq2	md5_fq1	md5_fq2
104_MSI	1	/storage/scratch01/users/dcaceres/MSI_RNAseq_Arantxa/RAW/dcaceres_colonRNAseq_250423/bgc-104-MSI/bgc-104_MSI_S55_L001_R1_001.fastq.gz		E90938EA49AB5D6C829B3E6CBEEA6720	
104_MSI	2	/storage/scratch01/users/dcaceres/MSI_RNAseq_Arantxa/RAW/dcaceres_colonRNAseq_250423/bgc-104-MSI/bgc-104_MSI_S55_L002_R1_001.fastq.gz		B5C6E1BA8611C9BC3655925C76159512	
104_MSI	3	/storage/scratch01/users/dcaceres/MSI_RNAseq_Arantxa/RAW/dcaceres_colonRNAseq_250423/bgc-104-MSI/bgc-104_MSI_S55_L003_R1_001.fastq.gz		2BEDBE39AE7E888A985506C7552EDB32	
104_MSI	4	/storage/scratch01/users/dcaceres/MSI_RNAseq_Arantxa/RAW/dcaceres_colonRNAseq_250423/bgc-104-MSI/bgc-104_MSI_S55_L004_R1_001.fastq.gz		8FFEF32599F6EC77C2570D2B9D88F9E1	
112_MSI	1	/storage/scratch01/users/dcaceres/MSI_RNAseq_Arantxa/RAW/dcaceres_colonRNAseq_250423/bgc-112-MSI/bgc-112_MSI_S56_L001_R1_001.fastq.gz		ED672A7A36024293E53E8CF7EF967535	
112_MSI	2	/storage/scratch01/users/dcaceres/MSI_RNAseq_Arantxa/RAW/dcaceres_colonRNAseq_250423/bgc-112-MSI/bgc-112_MSI_S56_L002_R1_001.fastq.gz		C2A95DE4BAE83C77DAB2C61D03A91A07	
112_MSI	3	/storage/scratch01/users/dcaceres/MSI_RNAseq_Arantxa/RAW/dcaceres_colonRNAseq_250423/bgc-112-MSI/bgc-112_MSI_S56_L003_R1_001.fastq.gz		BF714388B11D42A343F23AF20135F97B	
112_MSI	4	/storage/scratch01/users/dcaceres/MSI_RNAseq_Arantxa/RAW/dcaceres_colonRNAseq_250423/bgc-112-MSI/bgc-112_MSI_S56_L004_R1_001.fastq.gz		2E0F754AE6667DCC1BC9C6917D460BAC	
162_MSI	1	/storage/scratch01/users/dcaceres/MSI_RNAseq_Arantxa/RAW/dcaceres_colonRNAseq_250423/bgc-162-MSI/bgc-162_MSI_S57_L001_R1_001.fastq.gz		AE7E6B48B2BEC4976FC058C8D3E391AA	
162_MSI	2	/storage/scratch01/users/dcaceres/MSI_RNAseq_Arantxa/RAW/dcaceres_colonRNAseq_250423/bgc-162-MSI/bgc-162_MSI_S57_L002_R1_001.fastq.gz		C33954DD73F96FC6016D1AA47D645E83	
162_MSI	3	/storage/scratch01/users/dcaceres/MSI_RNAseq_Arantxa/RAW/dcaceres_colonRNAseq_250423/bgc-162-MSI/bgc-162_MSI_S57_L003_R1_001.fastq.gz		5C2DA22B69E52FA83AD848269E223FDB	
162_MSI	4	/storage/scratch01/users/dcaceres/MSI_RNAseq_Arantxa/RAW/dcaceres_colonRNAseq_250423/bgc-162-MSI/bgc-162_MSI_S57_L004_R1_001.fastq.gz		96A10AD78DB1DE79E324293506BB448C	
164_MSI	1	/storage/scratch01/users/dcaceres/MSI_RNAseq_Arantxa/RAW/dcaceres_colonRNAseq_250423/bgc-164-MSI/bgc-164_MSI_S53_L001_R1_001.fastq.gz		52A41AAD4B85DFE594F0F6A11C91B744	
164_MSI	2	/storage/scratch01/users/dcaceres/MSI_RNAseq_Arantxa/RAW/dcaceres_colonRNAseq_250423/bgc-164-MSI/bgc-164_MSI_S53_L002_R1_001.fastq.gz		953771DE85CD05969BD01DCCBCA09AE9	
164_MSI	3	/storage/scratch01/users/dcaceres/MSI_RNAseq_Arantxa/RAW/dcaceres_colonRNAseq_250423/bgc-164-MSI/bgc-164_MSI_S53_L003_R1_001.fastq.gz		81979FAB2F162710C6BB5E6300386900	
164_MSI	4	/storage/scratch01/users/dcaceres/MSI_RNAseq_Arantxa/RAW/dcaceres_colonRNAseq_250423/bgc-164-MSI/bgc-164_MSI_S53_L004_R1_001.fastq.gz		F84D36CF875298031735ED7FD369CF10	
167_MSI	1	/storage/scratch01/users/dcaceres/MSI_RNAseq_Arantxa/RAW/dcaceres_colonRNAseq_250423/bgc-167-MSI/bgc-167_MSI_S54_L001_R1_001.fastq.gz		E0A29A7B997CD66EEC9DC2108F1FF2B1	
167_MSI	2	/storage/scratch01/users/dcaceres/MSI_RNAseq_Arantxa/RAW/dcaceres_colonRNAseq_250423/bgc-167-MSI/bgc-167_MSI_S54_L002_R1_001.fastq.gz		37C9DA4D5A8A2DB5D238ED7F274F7A10	
167_MSI	3	/storage/scratch01/users/dcaceres/MSI_RNAseq_Arantxa/RAW/dcaceres_colonRNAseq_250423/bgc-167-MSI/bgc-167_MSI_S54_L003_R1_001.fastq.gz		AE55657F508AFB82271E5F93A340AF82	
167_MSI	4	/storage/scratch01/users/dcaceres/MSI_RNAseq_Arantxa/RAW/dcaceres_colonRNAseq_250423/bgc-167-MSI/bgc-167_MSI_S54_L004_R1_001.fastq.gz		689F6D52AF429847909266187A949617	
195_MSI	1	/storage/scratch01/users/dcaceres/MSI_RNAseq_Arantxa/RAW/dcaceres_colonRNAseq_250423/bgc-195-MSI/bgc-195_MSI_S52_L001_R1_001.fastq.gz		07FAE14057FE1D872BC11995D1A52913	
195_MSI	2	/storage/scratch01/users/dcaceres/MSI_RNAseq_Arantxa/RAW/dcaceres_colonRNAseq_250423/bgc-195-MSI/bgc-195_MSI_S52_L002_R1_001.fastq.gz		4F75DCAD20CE14E12655A109D8AA3A2B	
195_MSI	3	/storage/scratch01/users/dcaceres/MSI_RNAseq_Arantxa/RAW/dcaceres_colonRNAseq_250423/bgc-195-MSI/bgc-195_MSI_S52_L003_R1_001.fastq.gz		1EA97B696868A333E5E7D36FCBC66FB5	
195_MSI	4	/storage/scratch01/users/dcaceres/MSI_RNAseq_Arantxa/RAW/dcaceres_colonRNAseq_250423/bgc-195-MSI/bgc-195_MSI_S52_L004_R1_001.fastq.gz		B98B907F88D6B71E6A18EC1B398A8171	
56_MSI	1	/storage/scratch01/users/dcaceres/MSI_RNAseq_Arantxa/RAW/dcaceres_colonRNAseq_250423/bgc-56-MSI/bgc-56_MSI_S51_L001_R1_001.fastq.gz		BB218CB0ACED1B37E9A1F059B0C4184A	
56_MSI	2	/storage/scratch01/users/dcaceres/MSI_RNAseq_Arantxa/RAW/dcaceres_colonRNAseq_250423/bgc-56-MSI/bgc-56_MSI_S51_L002_R1_001.fastq.gz		8983C182379EE4487D46A329F30C7BDF	
56_MSI	3	/storage/scratch01/users/dcaceres/MSI_RNAseq_Arantxa/RAW/dcaceres_colonRNAseq_250423/bgc-56-MSI/bgc-56_MSI_S51_L003_R1_001.fastq.gz		676766E4E8E4C4E996CF483B117280C5	
56_MSI	4	/storage/scratch01/users/dcaceres/MSI_RNAseq_Arantxa/RAW/dcaceres_colonRNAseq_250423/bgc-56-MSI/bgc-56_MSI_S51_L004_R1_001.fastq.gz		B91137D3878FC952B7CF9BA1E1E0FD33	
116_MSI	1	/storage/scratch01/users/dcaceres/MSI_RNAseq_Arantxa/RAW/dcaceres_colonRNAseq_250423/bgc-116-MSI/bgc-116_MSI_S27_L001_R1_001.fastq.gz		08FCB43D437731E1776BCD62A2A483B2	
116_MSI	2	/storage/scratch01/users/dcaceres/MSI_RNAseq_Arantxa/RAW/dcaceres_colonRNAseq_250423/bgc-116-MSI/bgc-116_MSI_S27_L002_R1_001.fastq.gz		CD59913EE76990D03BA70DF9E174F3D9	
116_MSI	3	/storage/scratch01/users/dcaceres/MSI_RNAseq_Arantxa/RAW/dcaceres_colonRNAseq_250423/bgc-116-MSI/bgc-116_MSI_S27_L003_R1_001.fastq.gz		0FB1BBECB8F765AB7DF872FB667D8EE3	
116_MSI	4	/storage/scratch01/users/dcaceres/MSI_RNAseq_Arantxa/RAW/dcaceres_colonRNAseq_250423/bgc-116-MSI/bgc-116_MSI_S27_L004_R1_001.fastq.gz		314FB0914182C7A92A0D5B90F3BB4C8F	
150_MSI	1	/storage/scratch01/users/dcaceres/MSI_RNAseq_Arantxa/RAW/dcaceres_colonRNAseq_250423/bgc-150-MSI/bgc-150_MSI_S26_L001_R1_001.fastq.gz		AA8715562EEDBC80B84EE858CA0A3D9B	
150_MSI	2	/storage/scratch01/users/dcaceres/MSI_RNAseq_Arantxa/RAW/dcaceres_colonRNAseq_250423/bgc-150-MSI/bgc-150_MSI_S26_L002_R1_001.fastq.gz		6FD170D4CDE74CFE65DA93D1B0FE3550	
150_MSI	3	/storage/scratch01/users/dcaceres/MSI_RNAseq_Arantxa/RAW/dcaceres_colonRNAseq_250423/bgc-150-MSI/bgc-150_MSI_S26_L003_R1_001.fastq.gz		88212933793A63DD78C6927A40C9DEFB	
150_MSI	4	/storage/scratch01/users/dcaceres/MSI_RNAseq_Arantxa/RAW/dcaceres_colonRNAseq_250423/bgc-150-MSI/bgc-150_MSI_S26_L004_R1_001.fastq.gz		FBE6E182B3353D951B801D741A3CFD66	
168_MSI	1	/storage/scratch01/users/dcaceres/MSI_RNAseq_Arantxa/RAW/dcaceres_colonRNAseq_250423/bgc-168-MSI/bgc-168_MSI_S25_L001_R1_001.fastq.gz		D208D39A56702DEFFA8297EC65B3C280	
168_MSI	2	/storage/scratch01/users/dcaceres/MSI_RNAseq_Arantxa/RAW/dcaceres_colonRNAseq_250423/bgc-168-MSI/bgc-168_MSI_S25_L002_R1_001.fastq.gz		DCF8F3CB6B237A339FE339005021AB99	
168_MSI	3	/storage/scratch01/users/dcaceres/MSI_RNAseq_Arantxa/RAW/dcaceres_colonRNAseq_250423/bgc-168-MSI/bgc-168_MSI_S25_L003_R1_001.fastq.gz		CA05358FE9564B73762E007DE9973EE7	
168_MSI	4	/storage/scratch01/users/dcaceres/MSI_RNAseq_Arantxa/RAW/dcaceres_colonRNAseq_250423/bgc-168-MSI/bgc-168_MSI_S25_L004_R1_001.fastq.gz		34CD40A94FF79198E39226B1263112D2	
175_MSI	1	/storage/scratch01/users/dcaceres/MSI_RNAseq_Arantxa/RAW/dcaceres_colonRNAseq_250423/bgc-175-MSI/bgc-175_MSI_S28_L001_R1_001.fastq.gz		E581CF419EB74F0E2B45A2F10E928375	
175_MSI	2	/storage/scratch01/users/dcaceres/MSI_RNAseq_Arantxa/RAW/dcaceres_colonRNAseq_250423/bgc-175-MSI/bgc-175_MSI_S28_L002_R1_001.fastq.gz		8FD889C126FE669C8F0BB21C47234FF9	
175_MSI	3	/storage/scratch01/users/dcaceres/MSI_RNAseq_Arantxa/RAW/dcaceres_colonRNAseq_250423/bgc-175-MSI/bgc-175_MSI_S28_L003_R1_001.fastq.gz		28828373CB8CE41A0A0EABA203A56F7A	
175_MSI	4	/storage/scratch01/users/dcaceres/MSI_RNAseq_Arantxa/RAW/dcaceres_colonRNAseq_250423/bgc-175-MSI/bgc-175_MSI_S28_L004_R1_001.fastq.gz		B5BCD515921B687E8F4B0973389539BA	
183_MSI	1	/storage/scratch01/users/dcaceres/MSI_RNAseq_Arantxa/RAW/dcaceres_colonRNAseq_250423/bgc-183-MSI/bgc-183_MSI_S29_L001_R1_001.fastq.gz		A3356C607F173CA923B165CD9A754EA1	
183_MSI	2	/storage/scratch01/users/dcaceres/MSI_RNAseq_Arantxa/RAW/dcaceres_colonRNAseq_250423/bgc-183-MSI/bgc-183_MSI_S29_L002_R1_001.fastq.gz		894C313802A736AF2E4D455EACF5B580	
183_MSI	3	/storage/scratch01/users/dcaceres/MSI_RNAseq_Arantxa/RAW/dcaceres_colonRNAseq_250423/bgc-183-MSI/bgc-183_MSI_S29_L003_R1_001.fastq.gz		39EF9F93B69792688238B2198E201FE2	
183_MSI	4	/storage/scratch01/users/dcaceres/MSI_RNAseq_Arantxa/RAW/dcaceres_colonRNAseq_250423/bgc-183-MSI/bgc-183_MSI_S29_L004_R1_001.fastq.gz		BF76518B9B91B026AC50BA378399CFB6	
184_MSI	1	/storage/scratch01/users/dcaceres/MSI_RNAseq_Arantxa/RAW/dcaceres_colonRNAseq_250423/bgc-184-MSI/bgc-184_MSI_S31_L001_R1_001.fastq.gz		CDF1C2159F77DC2FD1A7240A8AD5010E	
184_MSI	2	/storage/scratch01/users/dcaceres/MSI_RNAseq_Arantxa/RAW/dcaceres_colonRNAseq_250423/bgc-184-MSI/bgc-184_MSI_S31_L002_R1_001.fastq.gz		3774AB289317D31D964B2A61061ECEFC	
184_MSI	3	/storage/scratch01/users/dcaceres/MSI_RNAseq_Arantxa/RAW/dcaceres_colonRNAseq_250423/bgc-184-MSI/bgc-184_MSI_S31_L003_R1_001.fastq.gz		CB4E4D2DC4C744A8F2A165656A1B9CB7	
184_MSI	4	/storage/scratch01/users/dcaceres/MSI_RNAseq_Arantxa/RAW/dcaceres_colonRNAseq_250423/bgc-184-MSI/bgc-184_MSI_S31_L004_R1_001.fastq.gz		23122ACE709AA6F21B13DB2BBDD9E6F4	
187_MSI	1	/storage/scratch01/users/dcaceres/MSI_RNAseq_Arantxa/RAW/dcaceres_colonRNAseq_250423/bgc-187-MSI/bgc-187_MSI_S30_L001_R1_001.fastq.gz		8E9CA20199B402E59A6207ABD4CC0ECC	
187_MSI	2	/storage/scratch01/users/dcaceres/MSI_RNAseq_Arantxa/RAW/dcaceres_colonRNAseq_250423/bgc-187-MSI/bgc-187_MSI_S30_L002_R1_001.fastq.gz		A977FB0E272E122C44CC10498A1AD673	
187_MSI	3	/storage/scratch01/users/dcaceres/MSI_RNAseq_Arantxa/RAW/dcaceres_colonRNAseq_250423/bgc-187-MSI/bgc-187_MSI_S30_L003_R1_001.fastq.gz		E1FE3EFB5C5DFD0968820FAB3E66373A	
187_MSI	4	/storage/scratch01/users/dcaceres/MSI_RNAseq_Arantxa/RAW/dcaceres_colonRNAseq_250423/bgc-187-MSI/bgc-187_MSI_S30_L004_R1_001.fastq.gz		CD44121970D20712E9A00A2D22BBB468	
226_MSI	1	/storage/scratch01/users/dcaceres/MSI_RNAseq_Arantxa/RAW/dcaceres_colonRNAseq_250423/bgc-226-MSI/bgc-226_MSI_S32_L001_R1_001.fastq.gz		FA7E83F2F4C80087DD6A8E37DA1FB776	
226_MSI	2	/storage/scratch01/users/dcaceres/MSI_RNAseq_Arantxa/RAW/dcaceres_colonRNAseq_250423/bgc-226-MSI/bgc-226_MSI_S32_L002_R1_001.fastq.gz		85EDE5C81911500A0DE3F265095BBAC2	
226_MSI	3	/storage/scratch01/users/dcaceres/MSI_RNAseq_Arantxa/RAW/dcaceres_colonRNAseq_250423/bgc-226-MSI/bgc-226_MSI_S32_L003_R1_001.fastq.gz		A47F04A90E62DB85B4A01B21720A11E3	
226_MSI	4	/storage/scratch01/users/dcaceres/MSI_RNAseq_Arantxa/RAW/dcaceres_colonRNAseq_250423/bgc-226-MSI/bgc-226_MSI_S32_L004_R1_001.fastq.gz		BD7ECA3E73A50A1C686EEAB8EF3E98A9	
115_MSI	1	/storage/scratch01/users/dcaceres/MSI_RNAseq_Arantxa/RAW/dcaceres_colonRNAseq_250423/bgc-115-MSI/bgc-115_MSI_S24_L001_R1_001.fastq.gz		BCC5C74CFF80F12936BD97C3B5DFFBB0	
115_MSI	2	/storage/scratch01/users/dcaceres/MSI_RNAseq_Arantxa/RAW/dcaceres_colonRNAseq_250423/bgc-115-MSI/bgc-115_MSI_S24_L002_R1_001.fastq.gz		A52FA8CCDB57E825B03D86706B227B01	
115_MSI	3	/storage/scratch01/users/dcaceres/MSI_RNAseq_Arantxa/RAW/dcaceres_colonRNAseq_250423/bgc-115-MSI/bgc-115_MSI_S24_L003_R1_001.fastq.gz		990C64BCCEDE0C23428E7F1FA502EAC4	
115_MSI	4	/storage/scratch01/users/dcaceres/MSI_RNAseq_Arantxa/RAW/dcaceres_colonRNAseq_250423/bgc-115-MSI/bgc-115_MSI_S24_L004_R1_001.fastq.gz		68788F1C552FCD6ED4296614F6D0A157	
120_MSI	1	/storage/scratch01/users/dcaceres/MSI_RNAseq_Arantxa/RAW/dcaceres_colonRNAseq_250423/bgc-120-MSI/bgc-120_MSI_S29_L001_R1_001.fastq.gz		DAA79204EB954B176095CFA0BEBEC0DC	
120_MSI	2	/storage/scratch01/users/dcaceres/MSI_RNAseq_Arantxa/RAW/dcaceres_colonRNAseq_250423/bgc-120-MSI/bgc-120_MSI_S29_L002_R1_001.fastq.gz		C0D0A8240DE4C96AC9602B81BDDB0EA6	
120_MSI	3	/storage/scratch01/users/dcaceres/MSI_RNAseq_Arantxa/RAW/dcaceres_colonRNAseq_250423/bgc-120-MSI/bgc-120_MSI_S29_L003_R1_001.fastq.gz		E561DCFA9473DDF107399977E2EF46A6	
120_MSI	4	/storage/scratch01/users/dcaceres/MSI_RNAseq_Arantxa/RAW/dcaceres_colonRNAseq_250423/bgc-120-MSI/bgc-120_MSI_S29_L004_R1_001.fastq.gz		CB400A7996465BCBDE6B61F05C1AD832	
121_MSI	1	/storage/scratch01/users/dcaceres/MSI_RNAseq_Arantxa/RAW/dcaceres_colonRNAseq_250423/bgc-121-MSI/bgc-121_MSI_S26_L001_R1_001.fastq.gz		A67C3D01E37C0CB551AE71BCAE174327	
121_MSI	2	/storage/scratch01/users/dcaceres/MSI_RNAseq_Arantxa/RAW/dcaceres_colonRNAseq_250423/bgc-121-MSI/bgc-121_MSI_S26_L002_R1_001.fastq.gz		D2EA08B34178DA4F2FECF35A00AEDDBB	
121_MSI	3	/storage/scratch01/users/dcaceres/MSI_RNAseq_Arantxa/RAW/dcaceres_colonRNAseq_250423/bgc-121-MSI/bgc-121_MSI_S26_L003_R1_001.fastq.gz		B7E51A382B766CA4A67E37527A4C3374	
121_MSI	4	/storage/scratch01/users/dcaceres/MSI_RNAseq_Arantxa/RAW/dcaceres_colonRNAseq_250423/bgc-121-MSI/bgc-121_MSI_S26_L004_R1_001.fastq.gz		3E10C7F33E7D9E0C6D162D86FD68B7D4	
171_MSI	1	/storage/scratch01/users/dcaceres/MSI_RNAseq_Arantxa/RAW/dcaceres_colonRNAseq_250423/bgc-171-MSI/bgc-171_MSI_S28_L001_R1_001.fastq.gz		ADAAE2B7652801F32644779DE55D4780	
171_MSI	2	/storage/scratch01/users/dcaceres/MSI_RNAseq_Arantxa/RAW/dcaceres_colonRNAseq_250423/bgc-171-MSI/bgc-171_MSI_S28_L002_R1_001.fastq.gz		E47E6A877B19DC22FE902B25D09CAB1D	
171_MSI	3	/storage/scratch01/users/dcaceres/MSI_RNAseq_Arantxa/RAW/dcaceres_colonRNAseq_250423/bgc-171-MSI/bgc-171_MSI_S28_L003_R1_001.fastq.gz		995589CA81CF2B036C5B68A79B22F2AE	
171_MSI	4	/storage/scratch01/users/dcaceres/MSI_RNAseq_Arantxa/RAW/dcaceres_colonRNAseq_250423/bgc-171-MSI/bgc-171_MSI_S28_L004_R1_001.fastq.gz		5D7860C586639EF9A7E9EAF1A4ACF96F	
173_MSI	1	/storage/scratch01/users/dcaceres/MSI_RNAseq_Arantxa/RAW/dcaceres_colonRNAseq_250423/bgc-173-MSI/bgc-173_MSI_S25_L001_R1_001.fastq.gz		4B69F2D7AD1435A94E48AE5747010798	
173_MSI	2	/storage/scratch01/users/dcaceres/MSI_RNAseq_Arantxa/RAW/dcaceres_colonRNAseq_250423/bgc-173-MSI/bgc-173_MSI_S25_L002_R1_001.fastq.gz		32C78131893BB626BDF24F4AA0E4CE4D	
173_MSI	3	/storage/scratch01/users/dcaceres/MSI_RNAseq_Arantxa/RAW/dcaceres_colonRNAseq_250423/bgc-173-MSI/bgc-173_MSI_S25_L003_R1_001.fastq.gz		F2A8C49EDB7F3C2592061221F330C8D9	
173_MSI	4	/storage/scratch01/users/dcaceres/MSI_RNAseq_Arantxa/RAW/dcaceres_colonRNAseq_250423/bgc-173-MSI/bgc-173_MSI_S25_L004_R1_001.fastq.gz		E16643411FF5A281277701257097C6B3	
182_MSI	1	/storage/scratch01/users/dcaceres/MSI_RNAseq_Arantxa/RAW/dcaceres_colonRNAseq_250423/bgc-182-MSI/bgc-182_MSI_S27_L001_R1_001.fastq.gz		1511CC15E4596DCB6C8A3E1D34D5DBA7	
182_MSI	2	/storage/scratch01/users/dcaceres/MSI_RNAseq_Arantxa/RAW/dcaceres_colonRNAseq_250423/bgc-182-MSI/bgc-182_MSI_S27_L002_R1_001.fastq.gz		C0ABA68BDF3F6762B4EBFC4FC91AE725	
182_MSI	3	/storage/scratch01/users/dcaceres/MSI_RNAseq_Arantxa/RAW/dcaceres_colonRNAseq_250423/bgc-182-MSI/bgc-182_MSI_S27_L003_R1_001.fastq.gz		572C2F0588D09C006A7BB22373D8104A	
182_MSI	4	/storage/scratch01/users/dcaceres/MSI_RNAseq_Arantxa/RAW/dcaceres_colonRNAseq_250423/bgc-182-MSI/bgc-182_MSI_S27_L004_R1_001.fastq.gz		D3FC17AA9C35A91E14D21A2E008E95F4	
218_MSI	1	/storage/scratch01/users/dcaceres/MSI_RNAseq_Arantxa/RAW/dcaceres_colonRNAseq_250423/bgc-218-MSI/bgc-218_MSI_S30_L001_R1_001.fastq.gz		64AACAD0F44FC39A4BEB56DB80CF6912	
218_MSI	2	/storage/scratch01/users/dcaceres/MSI_RNAseq_Arantxa/RAW/dcaceres_colonRNAseq_250423/bgc-218-MSI/bgc-218_MSI_S30_L002_R1_001.fastq.gz		9FF67487401CCDA1C6AEEF90E5AE6D6E	
218_MSI	3	/storage/scratch01/users/dcaceres/MSI_RNAseq_Arantxa/RAW/dcaceres_colonRNAseq_250423/bgc-218-MSI/bgc-218_MSI_S30_L003_R1_001.fastq.gz		EA77403D4E06D8CA5C70578B48D0AD6E	
218_MSI	4	/storage/scratch01/users/dcaceres/MSI_RNAseq_Arantxa/RAW/dcaceres_colonRNAseq_250423/bgc-218-MSI/bgc-218_MSI_S30_L004_R1_001.fastq.gz		868679A111CDF4839C98821649B717CD	
110_MSI	1	/storage/scratch01/users/dcaceres/MSI_RNAseq_Arantxa/RAW/dcaceres_colonRNAseq_250423/bg-110-MSI/bg-110_MSI_S57_L001_R1_001.fastq.gz		5AA5875F4CBB5B6E95BB0E24CE625612	
110_MSI	2	/storage/scratch01/users/dcaceres/MSI_RNAseq_Arantxa/RAW/dcaceres_colonRNAseq_250423/bg-110-MSI/bg-110_MSI_S57_L002_R1_001.fastq.gz		9974202E2F8A9AE645CEA239BC0E1A77	
110_MSI	3	/storage/scratch01/users/dcaceres/MSI_RNAseq_Arantxa/RAW/dcaceres_colonRNAseq_250423/bg-110-MSI/bg-110_MSI_S57_L003_R1_001.fastq.gz		B39FD9CD2AE31575EDAF61EB11080323	
110_MSI	4	/storage/scratch01/users/dcaceres/MSI_RNAseq_Arantxa/RAW/dcaceres_colonRNAseq_250423/bg-110-MSI/bg-110_MSI_S57_L004_R1_001.fastq.gz		D2BD2A3F0C83362E257B124F9E77304B	
111_MSI	1	/storage/scratch01/users/dcaceres/MSI_RNAseq_Arantxa/RAW/dcaceres_colonRNAseq_250423/bg-111-MSI/bg-111_MSI_S41_L001_R1_001.fastq.gz		4ED0A1DA90B1CE2436D22BAB3A23BD59	
111_MSI	2	/storage/scratch01/users/dcaceres/MSI_RNAseq_Arantxa/RAW/dcaceres_colonRNAseq_250423/bg-111-MSI/bg-111_MSI_S41_L002_R1_001.fastq.gz		D9AE52E4244C61C08ACDDC7E823C4870	
111_MSI	3	/storage/scratch01/users/dcaceres/MSI_RNAseq_Arantxa/RAW/dcaceres_colonRNAseq_250423/bg-111-MSI/bg-111_MSI_S41_L003_R1_001.fastq.gz		ABF8C6E6DC4E9324FBE01CE369814804	
111_MSI	4	/storage/scratch01/users/dcaceres/MSI_RNAseq_Arantxa/RAW/dcaceres_colonRNAseq_250423/bg-111-MSI/bg-111_MSI_S41_L004_R1_001.fastq.gz		28C4CEF6327DFF1BD86210EF1793C3A6	
118_MSI	1	/storage/scratch01/users/dcaceres/MSI_RNAseq_Arantxa/RAW/dcaceres_colonRNAseq_250423/bg-118-MSI/bg-118_MSI_S54_L001_R1_001.fastq.gz		CDE081504BBC8C69C66EB8858B089FCE	
118_MSI	2	/storage/scratch01/users/dcaceres/MSI_RNAseq_Arantxa/RAW/dcaceres_colonRNAseq_250423/bg-118-MSI/bg-118_MSI_S54_L002_R1_001.fastq.gz		C499FA1406F6129D1154750C4BAEFDFF	
118_MSI	3	/storage/scratch01/users/dcaceres/MSI_RNAseq_Arantxa/RAW/dcaceres_colonRNAseq_250423/bg-118-MSI/bg-118_MSI_S54_L003_R1_001.fastq.gz		36EB72F72BB6AF4556CB3B306C3B382F	
118_MSI	4	/storage/scratch01/users/dcaceres/MSI_RNAseq_Arantxa/RAW/dcaceres_colonRNAseq_250423/bg-118-MSI/bg-118_MSI_S54_L004_R1_001.fastq.gz		B860A2EA0B713CBC1CA41FC422DBB03B	
11_MSI	1	/storage/scratch01/users/dcaceres/MSI_RNAseq_Arantxa/RAW/dcaceres_colonRNAseq_250423/bg-11-MSI/bg-11_MSI_S35_L001_R1_001.fastq.gz		7D3B6663E85E3AF541AC488D5863344E	
11_MSI	2	/storage/scratch01/users/dcaceres/MSI_RNAseq_Arantxa/RAW/dcaceres_colonRNAseq_250423/bg-11-MSI/bg-11_MSI_S35_L002_R1_001.fastq.gz		CEBA03ED6C8F98A696189F60B20D8A24	
11_MSI	3	/storage/scratch01/users/dcaceres/MSI_RNAseq_Arantxa/RAW/dcaceres_colonRNAseq_250423/bg-11-MSI/bg-11_MSI_S35_L003_R1_001.fastq.gz		EE7DB0E5FF11E2F0886E57CCC9F13C9C	
11_MSI	4	/storage/scratch01/users/dcaceres/MSI_RNAseq_Arantxa/RAW/dcaceres_colonRNAseq_250423/bg-11-MSI/bg-11_MSI_S35_L004_R1_001.fastq.gz		D1845B38599E817F0D4067268C25753B	
122_MSI	1	/storage/scratch01/users/dcaceres/MSI_RNAseq_Arantxa/RAW/dcaceres_colonRNAseq_250423/bg-122-MSI/bg-122_MSI_S50_L001_R1_001.fastq.gz		D6EE5F741B931408C96E0094E07BFDB2	
122_MSI	2	/storage/scratch01/users/dcaceres/MSI_RNAseq_Arantxa/RAW/dcaceres_colonRNAseq_250423/bg-122-MSI/bg-122_MSI_S50_L002_R1_001.fastq.gz		6E849499DFC981255BBA40EEC3ADDA30	
122_MSI	3	/storage/scratch01/users/dcaceres/MSI_RNAseq_Arantxa/RAW/dcaceres_colonRNAseq_250423/bg-122-MSI/bg-122_MSI_S50_L003_R1_001.fastq.gz		CA2E52CBBF4C19F0DB07E5571D0DF86D	
122_MSI	4	/storage/scratch01/users/dcaceres/MSI_RNAseq_Arantxa/RAW/dcaceres_colonRNAseq_250423/bg-122-MSI/bg-122_MSI_S50_L004_R1_001.fastq.gz		173AB1BFB864455950AE3B34E3A37B91	
124_MSI	1	/storage/scratch01/users/dcaceres/MSI_RNAseq_Arantxa/RAW/dcaceres_colonRNAseq_250423/bg-124-MSI/bg-124_MSI_S53_L001_R1_001.fastq.gz		88C782EEA7A1043BE1AB8B17F56287BF	
124_MSI	2	/storage/scratch01/users/dcaceres/MSI_RNAseq_Arantxa/RAW/dcaceres_colonRNAseq_250423/bg-124-MSI/bg-124_MSI_S53_L002_R1_001.fastq.gz		3EDC2D5BBF75D48DA6FA7961369E5397	
124_MSI	3	/storage/scratch01/users/dcaceres/MSI_RNAseq_Arantxa/RAW/dcaceres_colonRNAseq_250423/bg-124-MSI/bg-124_MSI_S53_L003_R1_001.fastq.gz		5E1F29B5712CCEBE78EDD0BC4CD42F87	
124_MSI	4	/storage/scratch01/users/dcaceres/MSI_RNAseq_Arantxa/RAW/dcaceres_colonRNAseq_250423/bg-124-MSI/bg-124_MSI_S53_L004_R1_001.fastq.gz		10021A25FEA1E81B8838852FD4C0CDA1	
131_MSI	1	/storage/scratch01/users/dcaceres/MSI_RNAseq_Arantxa/RAW/dcaceres_colonRNAseq_250423/bg-131-MSI/bg-131_MSI_S58_L001_R1_001.fastq.gz		C627B114483F2CB8D33B6EC7B1031D34	
131_MSI	2	/storage/scratch01/users/dcaceres/MSI_RNAseq_Arantxa/RAW/dcaceres_colonRNAseq_250423/bg-131-MSI/bg-131_MSI_S58_L002_R1_001.fastq.gz		DA0D78B42F02C7F340EB40EA01CA605F	
131_MSI	3	/storage/scratch01/users/dcaceres/MSI_RNAseq_Arantxa/RAW/dcaceres_colonRNAseq_250423/bg-131-MSI/bg-131_MSI_S58_L003_R1_001.fastq.gz		5A254347A7CE4E843A0F34BE9737D94E	
131_MSI	4	/storage/scratch01/users/dcaceres/MSI_RNAseq_Arantxa/RAW/dcaceres_colonRNAseq_250423/bg-131-MSI/bg-131_MSI_S58_L004_R1_001.fastq.gz		0CC4A6B48157E75C55962F92E764FE2D	
133_MSI	1	/storage/scratch01/users/dcaceres/MSI_RNAseq_Arantxa/RAW/dcaceres_colonRNAseq_250423/bg-133-MSI/bg-133_MSI_S42_L001_R1_001.fastq.gz		792F3955784285329642134C5B75515F	
133_MSI	2	/storage/scratch01/users/dcaceres/MSI_RNAseq_Arantxa/RAW/dcaceres_colonRNAseq_250423/bg-133-MSI/bg-133_MSI_S42_L002_R1_001.fastq.gz		CC2128A550CCEFD0185A40439EA7DE0F	
133_MSI	3	/storage/scratch01/users/dcaceres/MSI_RNAseq_Arantxa/RAW/dcaceres_colonRNAseq_250423/bg-133-MSI/bg-133_MSI_S42_L003_R1_001.fastq.gz		2CBB5680417F9B5E2AE1BBA73F03291C	
133_MSI	4	/storage/scratch01/users/dcaceres/MSI_RNAseq_Arantxa/RAW/dcaceres_colonRNAseq_250423/bg-133-MSI/bg-133_MSI_S42_L004_R1_001.fastq.gz		ECF4DCC061561DD1178923762EB88A10	
145_MSI	1	/storage/scratch01/users/dcaceres/MSI_RNAseq_Arantxa/RAW/dcaceres_colonRNAseq_250423/bg-145-MSI/bg-145_MSI_S34_L001_R1_001.fastq.gz		79023A311CE282BB649A7E82B93FFB55	
145_MSI	2	/storage/scratch01/users/dcaceres/MSI_RNAseq_Arantxa/RAW/dcaceres_colonRNAseq_250423/bg-145-MSI/bg-145_MSI_S34_L002_R1_001.fastq.gz		DD105F5F39B55A2959356930BFEA84DF	
145_MSI	3	/storage/scratch01/users/dcaceres/MSI_RNAseq_Arantxa/RAW/dcaceres_colonRNAseq_250423/bg-145-MSI/bg-145_MSI_S34_L003_R1_001.fastq.gz		E1544E052E0EBC80A2C0BFF7A9E7EF9E	
145_MSI	4	/storage/scratch01/users/dcaceres/MSI_RNAseq_Arantxa/RAW/dcaceres_colonRNAseq_250423/bg-145-MSI/bg-145_MSI_S34_L004_R1_001.fastq.gz		EB7D24CC9F15510B5F3E7691E054E464	
146_MSI	1	/storage/scratch01/users/dcaceres/MSI_RNAseq_Arantxa/RAW/dcaceres_colonRNAseq_250423/bg-146-MSI/bg-146_MSI_S59_L001_R1_001.fastq.gz		75E9D4355789203A7BC65EBB21BB528D	
146_MSI	2	/storage/scratch01/users/dcaceres/MSI_RNAseq_Arantxa/RAW/dcaceres_colonRNAseq_250423/bg-146-MSI/bg-146_MSI_S59_L002_R1_001.fastq.gz		BAF13211EC20CED07606AE8440DDE411	
146_MSI	3	/storage/scratch01/users/dcaceres/MSI_RNAseq_Arantxa/RAW/dcaceres_colonRNAseq_250423/bg-146-MSI/bg-146_MSI_S59_L003_R1_001.fastq.gz		892EC4F2F778DD1DC4D232E69BA47807	
146_MSI	4	/storage/scratch01/users/dcaceres/MSI_RNAseq_Arantxa/RAW/dcaceres_colonRNAseq_250423/bg-146-MSI/bg-146_MSI_S59_L004_R1_001.fastq.gz		725A0C8DCC1FFFCD45BAD27DB9BED62C	
14_MSI	1	/storage/scratch01/users/dcaceres/MSI_RNAseq_Arantxa/RAW/dcaceres_colonRNAseq_250423/bg-14-MSI/bg-14_MSI_S61_L001_R1_001.fastq.gz		27D9A8160F2A1927EE6F9F22AAEE198B	
14_MSI	2	/storage/scratch01/users/dcaceres/MSI_RNAseq_Arantxa/RAW/dcaceres_colonRNAseq_250423/bg-14-MSI/bg-14_MSI_S61_L002_R1_001.fastq.gz		D95EB778014127DED4CC9985DD2F3E38	
14_MSI	3	/storage/scratch01/users/dcaceres/MSI_RNAseq_Arantxa/RAW/dcaceres_colonRNAseq_250423/bg-14-MSI/bg-14_MSI_S61_L003_R1_001.fastq.gz		B74C8AAD235FB0793E36B0590789B90A	
14_MSI	4	/storage/scratch01/users/dcaceres/MSI_RNAseq_Arantxa/RAW/dcaceres_colonRNAseq_250423/bg-14-MSI/bg-14_MSI_S61_L004_R1_001.fastq.gz		189229DF7D053E4BAEDA7CB3B7716389	
152_MSI	1	/storage/scratch01/users/dcaceres/MSI_RNAseq_Arantxa/RAW/dcaceres_colonRNAseq_250423/bg-152-MSI/bg-152_MSI_S46_L001_R1_001.fastq.gz		30EE1FDC8165D374306A674FA5C63155	
152_MSI	2	/storage/scratch01/users/dcaceres/MSI_RNAseq_Arantxa/RAW/dcaceres_colonRNAseq_250423/bg-152-MSI/bg-152_MSI_S46_L002_R1_001.fastq.gz		9D834E766DA256AA8DC0AF47341A27A0	
152_MSI	3	/storage/scratch01/users/dcaceres/MSI_RNAseq_Arantxa/RAW/dcaceres_colonRNAseq_250423/bg-152-MSI/bg-152_MSI_S46_L003_R1_001.fastq.gz		BCD070528BED0B62E5538851416C16E5	
152_MSI	4	/storage/scratch01/users/dcaceres/MSI_RNAseq_Arantxa/RAW/dcaceres_colonRNAseq_250423/bg-152-MSI/bg-152_MSI_S46_L004_R1_001.fastq.gz		72ADE3BA69370E2775ED650F3D6BE261	
156_MSI	1	/storage/scratch01/users/dcaceres/MSI_RNAseq_Arantxa/RAW/dcaceres_colonRNAseq_250423/bg-156-MSI/bg-156_MSI_S56_L001_R1_001.fastq.gz		C15289ACA9B17D62D38387D320A62318	
156_MSI	2	/storage/scratch01/users/dcaceres/MSI_RNAseq_Arantxa/RAW/dcaceres_colonRNAseq_250423/bg-156-MSI/bg-156_MSI_S56_L002_R1_001.fastq.gz		1DF772301AB4D6C8C7316F3AED13ACA7	
156_MSI	3	/storage/scratch01/users/dcaceres/MSI_RNAseq_Arantxa/RAW/dcaceres_colonRNAseq_250423/bg-156-MSI/bg-156_MSI_S56_L003_R1_001.fastq.gz		125FE88B0A9D27F548F050C534861C97	
156_MSI	4	/storage/scratch01/users/dcaceres/MSI_RNAseq_Arantxa/RAW/dcaceres_colonRNAseq_250423/bg-156-MSI/bg-156_MSI_S56_L004_R1_001.fastq.gz		850490B0AD6C1A1F8CF2E726A365CE75	
15_MSI	1	/storage/scratch01/users/dcaceres/MSI_RNAseq_Arantxa/RAW/dcaceres_colonRNAseq_250423/bg-15-MSI/bg-15_MSI_S44_L001_R1_001.fastq.gz		C6972C338A9E4E48C9231151F715F4AC	
15_MSI	2	/storage/scratch01/users/dcaceres/MSI_RNAseq_Arantxa/RAW/dcaceres_colonRNAseq_250423/bg-15-MSI/bg-15_MSI_S44_L002_R1_001.fastq.gz		444A4A8244926F6303C0E887E9324FC6	
15_MSI	3	/storage/scratch01/users/dcaceres/MSI_RNAseq_Arantxa/RAW/dcaceres_colonRNAseq_250423/bg-15-MSI/bg-15_MSI_S44_L003_R1_001.fastq.gz		A081E7BC83EC2C1014556F6CDF85D1BE	
15_MSI	4	/storage/scratch01/users/dcaceres/MSI_RNAseq_Arantxa/RAW/dcaceres_colonRNAseq_250423/bg-15-MSI/bg-15_MSI_S44_L004_R1_001.fastq.gz		D3431E902A3504D4AC9BB548BE4ECE4C	
185_MSI	1	/storage/scratch01/users/dcaceres/MSI_RNAseq_Arantxa/RAW/dcaceres_colonRNAseq_250423/bg-185-MSI/bg-185_MSI_S36_L001_R1_001.fastq.gz		D34B4C21313FCB428627068397E6871A	
185_MSI	2	/storage/scratch01/users/dcaceres/MSI_RNAseq_Arantxa/RAW/dcaceres_colonRNAseq_250423/bg-185-MSI/bg-185_MSI_S36_L002_R1_001.fastq.gz		6CA0C2F5519CF240689731100905D138	
185_MSI	3	/storage/scratch01/users/dcaceres/MSI_RNAseq_Arantxa/RAW/dcaceres_colonRNAseq_250423/bg-185-MSI/bg-185_MSI_S36_L003_R1_001.fastq.gz		B266C01F37876C1E0B7D8D930AC6159B	
185_MSI	4	/storage/scratch01/users/dcaceres/MSI_RNAseq_Arantxa/RAW/dcaceres_colonRNAseq_250423/bg-185-MSI/bg-185_MSI_S36_L004_R1_001.fastq.gz		36E358920236055364B64A46F6026649	
186_MSI	1	/storage/scratch01/users/dcaceres/MSI_RNAseq_Arantxa/RAW/dcaceres_colonRNAseq_250423/bg-186-MSI/bg-186_MSI_S45_L001_R1_001.fastq.gz		51DE7CDA36741D3030DA64ED61B7D3DE	
186_MSI	2	/storage/scratch01/users/dcaceres/MSI_RNAseq_Arantxa/RAW/dcaceres_colonRNAseq_250423/bg-186-MSI/bg-186_MSI_S45_L002_R1_001.fastq.gz		161733D13B9F22AC46B1835607AA65F5	
186_MSI	3	/storage/scratch01/users/dcaceres/MSI_RNAseq_Arantxa/RAW/dcaceres_colonRNAseq_250423/bg-186-MSI/bg-186_MSI_S45_L003_R1_001.fastq.gz		263AA66C9E742520369CF446B0E9D579	
186_MSI	4	/storage/scratch01/users/dcaceres/MSI_RNAseq_Arantxa/RAW/dcaceres_colonRNAseq_250423/bg-186-MSI/bg-186_MSI_S45_L004_R1_001.fastq.gz		CC6D2E06F7F1F8E4FCA48E6F5A5E8480	
196_MSI	1	/storage/scratch01/users/dcaceres/MSI_RNAseq_Arantxa/RAW/dcaceres_colonRNAseq_250423/bg-196-MSI/bg-196_MSI_S49_L001_R1_001.fastq.gz		E6EA12832D29223C6E231F74AE368D38	
196_MSI	2	/storage/scratch01/users/dcaceres/MSI_RNAseq_Arantxa/RAW/dcaceres_colonRNAseq_250423/bg-196-MSI/bg-196_MSI_S49_L002_R1_001.fastq.gz		9B161B954FDF2F079167F1936C066657	
196_MSI	3	/storage/scratch01/users/dcaceres/MSI_RNAseq_Arantxa/RAW/dcaceres_colonRNAseq_250423/bg-196-MSI/bg-196_MSI_S49_L003_R1_001.fastq.gz		920DB5FC82EB8DCC7732C0453D23FC14	
196_MSI	4	/storage/scratch01/users/dcaceres/MSI_RNAseq_Arantxa/RAW/dcaceres_colonRNAseq_250423/bg-196-MSI/bg-196_MSI_S49_L004_R1_001.fastq.gz		27090021B8116CD246FB761C84C5FBFA	
198_MSI	1	/storage/scratch01/users/dcaceres/MSI_RNAseq_Arantxa/RAW/dcaceres_colonRNAseq_250423/bg-198-MSI/bg-198_MSI_S52_L001_R1_001.fastq.gz		0EA055260C81947DD60308201C84DAE7	
198_MSI	2	/storage/scratch01/users/dcaceres/MSI_RNAseq_Arantxa/RAW/dcaceres_colonRNAseq_250423/bg-198-MSI/bg-198_MSI_S52_L002_R1_001.fastq.gz		554C630D4B65AE1DA49D5A5CEADFECF3	
198_MSI	3	/storage/scratch01/users/dcaceres/MSI_RNAseq_Arantxa/RAW/dcaceres_colonRNAseq_250423/bg-198-MSI/bg-198_MSI_S52_L003_R1_001.fastq.gz		296C990160A3EBAB2F0E6C85BA91993C	
198_MSI	4	/storage/scratch01/users/dcaceres/MSI_RNAseq_Arantxa/RAW/dcaceres_colonRNAseq_250423/bg-198-MSI/bg-198_MSI_S52_L004_R1_001.fastq.gz		7A317B68C9B55AA52F07445D389638C1	
201_MSI	1	/storage/scratch01/users/dcaceres/MSI_RNAseq_Arantxa/RAW/dcaceres_colonRNAseq_250423/bg-201-MSI/bg-201_MSI_S37_L001_R1_001.fastq.gz		9E36289E3A861610E7E0AA10F75D97ED	
201_MSI	2	/storage/scratch01/users/dcaceres/MSI_RNAseq_Arantxa/RAW/dcaceres_colonRNAseq_250423/bg-201-MSI/bg-201_MSI_S37_L002_R1_001.fastq.gz		84810E8F7B6007A83A458AA1855C8BDF	
201_MSI	3	/storage/scratch01/users/dcaceres/MSI_RNAseq_Arantxa/RAW/dcaceres_colonRNAseq_250423/bg-201-MSI/bg-201_MSI_S37_L003_R1_001.fastq.gz		11695DDA3A83E6210C873BBA2278F572	
201_MSI	4	/storage/scratch01/users/dcaceres/MSI_RNAseq_Arantxa/RAW/dcaceres_colonRNAseq_250423/bg-201-MSI/bg-201_MSI_S37_L004_R1_001.fastq.gz		4DAD9208CFDDEC125D04969FF97E6F9B	
20_MSI	1	/storage/scratch01/users/dcaceres/MSI_RNAseq_Arantxa/RAW/dcaceres_colonRNAseq_250423/bg-20-MSI/bg-20_MSI_S60_L001_R1_001.fastq.gz		299D87A5CC8D94861181D42B4B4CDDD1	
20_MSI	2	/storage/scratch01/users/dcaceres/MSI_RNAseq_Arantxa/RAW/dcaceres_colonRNAseq_250423/bg-20-MSI/bg-20_MSI_S60_L002_R1_001.fastq.gz		1E41AC9274D5E1853217ACA7E661EA36	
20_MSI	3	/storage/scratch01/users/dcaceres/MSI_RNAseq_Arantxa/RAW/dcaceres_colonRNAseq_250423/bg-20-MSI/bg-20_MSI_S60_L003_R1_001.fastq.gz		D7C9CF9AA29CDE34294E5D252F75808D	
20_MSI	4	/storage/scratch01/users/dcaceres/MSI_RNAseq_Arantxa/RAW/dcaceres_colonRNAseq_250423/bg-20-MSI/bg-20_MSI_S60_L004_R1_001.fastq.gz		FB9686C6DDF0F0DC3D229A49295A0809	
217_MSI	1	/storage/scratch01/users/dcaceres/MSI_RNAseq_Arantxa/RAW/dcaceres_colonRNAseq_250423/bg-217-MSI/bg-217_MSI_S51_L001_R1_001.fastq.gz		147BCC1140720644413149C8602CFD4C	
217_MSI	2	/storage/scratch01/users/dcaceres/MSI_RNAseq_Arantxa/RAW/dcaceres_colonRNAseq_250423/bg-217-MSI/bg-217_MSI_S51_L002_R1_001.fastq.gz		6819C8DA51DE921B735658C5A50B4B59	
217_MSI	3	/storage/scratch01/users/dcaceres/MSI_RNAseq_Arantxa/RAW/dcaceres_colonRNAseq_250423/bg-217-MSI/bg-217_MSI_S51_L003_R1_001.fastq.gz		B9C3E6A7F3877E9B1B66E7CDFA9FAFA3	
217_MSI	4	/storage/scratch01/users/dcaceres/MSI_RNAseq_Arantxa/RAW/dcaceres_colonRNAseq_250423/bg-217-MSI/bg-217_MSI_S51_L004_R1_001.fastq.gz		774C80FF53EE4FFF97B4C3C111B46292	
221_MSI	1	/storage/scratch01/users/dcaceres/MSI_RNAseq_Arantxa/RAW/dcaceres_colonRNAseq_250423/bg-221-MSI/bg-221_MSI_S47_L001_R1_001.fastq.gz		FFBCE7D0F21BAC832FCFF322F903540F	
221_MSI	2	/storage/scratch01/users/dcaceres/MSI_RNAseq_Arantxa/RAW/dcaceres_colonRNAseq_250423/bg-221-MSI/bg-221_MSI_S47_L002_R1_001.fastq.gz		E5A29A25A6A211810FD596F0C31555F8	
221_MSI	3	/storage/scratch01/users/dcaceres/MSI_RNAseq_Arantxa/RAW/dcaceres_colonRNAseq_250423/bg-221-MSI/bg-221_MSI_S47_L003_R1_001.fastq.gz		231E57392B7DCC80361397025CCD0A0D	
221_MSI	4	/storage/scratch01/users/dcaceres/MSI_RNAseq_Arantxa/RAW/dcaceres_colonRNAseq_250423/bg-221-MSI/bg-221_MSI_S47_L004_R1_001.fastq.gz		EAF08A4AE55BA33F8A7237392A0B2ECE	
237_MSI	1	/storage/scratch01/users/dcaceres/MSI_RNAseq_Arantxa/RAW/dcaceres_colonRNAseq_250423/bg-237-MSI/bg-237_MSI_S38_L001_R1_001.fastq.gz		19124B6232F19A80C8A322A41EA77001	
237_MSI	2	/storage/scratch01/users/dcaceres/MSI_RNAseq_Arantxa/RAW/dcaceres_colonRNAseq_250423/bg-237-MSI/bg-237_MSI_S38_L002_R1_001.fastq.gz		F77125BD792B27DEDBB4EE7A5E3EA920	
237_MSI	3	/storage/scratch01/users/dcaceres/MSI_RNAseq_Arantxa/RAW/dcaceres_colonRNAseq_250423/bg-237-MSI/bg-237_MSI_S38_L003_R1_001.fastq.gz		7C66141905985B7723F1369822FF494A	
237_MSI	4	/storage/scratch01/users/dcaceres/MSI_RNAseq_Arantxa/RAW/dcaceres_colonRNAseq_250423/bg-237-MSI/bg-237_MSI_S38_L004_R1_001.fastq.gz		824243322BF3D7CBBFCDA265199D9BC2	
23_MSI	1	/storage/scratch01/users/dcaceres/MSI_RNAseq_Arantxa/RAW/dcaceres_colonRNAseq_250423/bg-23-MSI/bg-23_MSI_S43_L001_R1_001.fastq.gz		21B434833B45252A472D4D081CA8987B	
23_MSI	2	/storage/scratch01/users/dcaceres/MSI_RNAseq_Arantxa/RAW/dcaceres_colonRNAseq_250423/bg-23-MSI/bg-23_MSI_S43_L002_R1_001.fastq.gz		E2E9684985300DD9CF658439D4A7691D	
23_MSI	3	/storage/scratch01/users/dcaceres/MSI_RNAseq_Arantxa/RAW/dcaceres_colonRNAseq_250423/bg-23-MSI/bg-23_MSI_S43_L003_R1_001.fastq.gz		E622111B888738FE4567B24D2FD02B30	
23_MSI	4	/storage/scratch01/users/dcaceres/MSI_RNAseq_Arantxa/RAW/dcaceres_colonRNAseq_250423/bg-23-MSI/bg-23_MSI_S43_L004_R1_001.fastq.gz		DC696EDD00C4D0E0FD6B6A3F8182F8BD	
26_MSI	1	/storage/scratch01/users/dcaceres/MSI_RNAseq_Arantxa/RAW/dcaceres_colonRNAseq_250423/bg-26-MSI/bg-26_MSI_S55_L001_R1_001.fastq.gz		73B78D7F239E5DB9BC31E5FC1BE9928D	
26_MSI	2	/storage/scratch01/users/dcaceres/MSI_RNAseq_Arantxa/RAW/dcaceres_colonRNAseq_250423/bg-26-MSI/bg-26_MSI_S55_L002_R1_001.fastq.gz		931DC0BABBCE0D5DF89CE57A4327F0A2	
26_MSI	3	/storage/scratch01/users/dcaceres/MSI_RNAseq_Arantxa/RAW/dcaceres_colonRNAseq_250423/bg-26-MSI/bg-26_MSI_S55_L003_R1_001.fastq.gz		85E86748D42A17EE607C0E9604EBEE49	
26_MSI	4	/storage/scratch01/users/dcaceres/MSI_RNAseq_Arantxa/RAW/dcaceres_colonRNAseq_250423/bg-26-MSI/bg-26_MSI_S55_L004_R1_001.fastq.gz		2C8DB58B7F82319FDF8257DED9785B54	
3_MSI	1	/storage/scratch01/users/dcaceres/MSI_RNAseq_Arantxa/RAW/dcaceres_colonRNAseq_250423/bg-3-MSI/bg-3_MSI_S48_L001_R1_001.fastq.gz		5C0BE9D62BFCE4747D78F6CE846E10A8	
3_MSI	2	/storage/scratch01/users/dcaceres/MSI_RNAseq_Arantxa/RAW/dcaceres_colonRNAseq_250423/bg-3-MSI/bg-3_MSI_S48_L002_R1_001.fastq.gz		107BBF93273F90A2C83180A5CB35B762	
3_MSI	3	/storage/scratch01/users/dcaceres/MSI_RNAseq_Arantxa/RAW/dcaceres_colonRNAseq_250423/bg-3-MSI/bg-3_MSI_S48_L003_R1_001.fastq.gz		1C1153FAB0D995BD26D321C0DF19CF12	
3_MSI	4	/storage/scratch01/users/dcaceres/MSI_RNAseq_Arantxa/RAW/dcaceres_colonRNAseq_250423/bg-3-MSI/bg-3_MSI_S48_L004_R1_001.fastq.gz		50004A6E027E766B74AFED9B67CCC83E	
40_MSI	1	/storage/scratch01/users/dcaceres/MSI_RNAseq_Arantxa/RAW/dcaceres_colonRNAseq_250423/bg-40-MSI/bg-40_MSI_S40_L001_R1_001.fastq.gz		83058BCC0C0E8EC53EE805962975B702	
40_MSI	2	/storage/scratch01/users/dcaceres/MSI_RNAseq_Arantxa/RAW/dcaceres_colonRNAseq_250423/bg-40-MSI/bg-40_MSI_S40_L002_R1_001.fastq.gz		FB4E2CA56DBE9081C6DAAD34E2CFC1F5	
40_MSI	3	/storage/scratch01/users/dcaceres/MSI_RNAseq_Arantxa/RAW/dcaceres_colonRNAseq_250423/bg-40-MSI/bg-40_MSI_S40_L003_R1_001.fastq.gz		52172D2ABBA6E6BF7F89BE36B5A2B559	
40_MSI	4	/storage/scratch01/users/dcaceres/MSI_RNAseq_Arantxa/RAW/dcaceres_colonRNAseq_250423/bg-40-MSI/bg-40_MSI_S40_L004_R1_001.fastq.gz		56F4B37AEC19E1FC3AED20F209BCBFFC	
8_MSI	1	/storage/scratch01/users/dcaceres/MSI_RNAseq_Arantxa/RAW/dcaceres_colonRNAseq_250423/bg-8-MSI/bg-8_MSI_S39_L001_R1_001.fastq.gz		EB073469B3175100A1391D6D94875ABD	
8_MSI	2	/storage/scratch01/users/dcaceres/MSI_RNAseq_Arantxa/RAW/dcaceres_colonRNAseq_250423/bg-8-MSI/bg-8_MSI_S39_L002_R1_001.fastq.gz		B044F86C924145F4C1F96C28B91822EA	
8_MSI	3	/storage/scratch01/users/dcaceres/MSI_RNAseq_Arantxa/RAW/dcaceres_colonRNAseq_250423/bg-8-MSI/bg-8_MSI_S39_L003_R1_001.fastq.gz		75ADDB98D291976342A30F0FBB08535B	
8_MSI	4	/storage/scratch01/users/dcaceres/MSI_RNAseq_Arantxa/RAW/dcaceres_colonRNAseq_250423/bg-8-MSI/bg-8_MSI_S39_L004_R1_001.fastq.gz		6D4EAF374F5219295F0DA3825A9CF665	
